--Members Insertions

Insert Into Members (email,pass,prefered_game_genre) VALUES ('veri1@yahoo.com', 'aff1', 'Sports')
Insert Into Members (email,pass,prefered_game_genre) VALUES ('VerifiedReviewer@yahoo.com', 'aff1', 'Sports')
Insert Into Members (email,pass,prefered_game_genre) VALUES ('sayed@gmail.com', 'sodgs', 'Action')
Insert Into Members (email,pass,prefered_game_genre) VALUES ('wo7oosh@yahoo.com', 'wa7shkbeer', 'Action')
Insert Into Members (email,pass,prefered_game_genre) VALUES ('elashba7@yahoo.com', 'shaheer', 'RPG')
Insert Into Members (email,pass,prefered_game_genre) VALUES ('great@yahoo.com', 'cutie', 'Strategy') 
Insert Into Members (email,pass,prefered_game_genre) VALUES ('elbob@yahoo.com', 'bobmajjdgy', 'Action') 
Insert Into Members (email,pass,prefered_game_genre) VALUES ('balabizo@yahoo.com', 'blahblah', 'Sports') 
Insert Into Members (email,pass,prefered_game_genre) VALUES ('elboss@yahoo.com', 'gaeddan', 'Action') 
Insert Into Members (email,pass,prefered_game_genre) VALUES ('markknader@yahpp.com', 'noooza', 'Strategy') 
Insert Into Members (email,pass,prefered_game_genre) VALUES ('ana@yahoo.com', 'spacetoon', 'RPG') 
Insert Into Members (email,pass,prefered_game_genre) VALUES ('enta@yahoo.com', 'moaqeq', 'Action') --
Insert Into Members (email,pass,prefered_game_genre) VALUES ('hwa@yahoo.com', 'mad', 'Sports') -- 
Insert Into Members (email,pass,prefered_game_genre) VALUES ('homa@yahoo.com', 'pikatso', 'Strategy') --  
INSERT INTO Members VALUES ('Rana@hotmail.com', 'Rana', 'Action') 
INSERT INTO Members VALUES ('Nadin@hotmail.com', 'Nadin', 'Strategy') 
INSERT INTO Members VALUES ('me@hotmail.com', 'Maha', 'Stratgey') 
INSERT INTO Members VALUES ('NR@hotmail.com', 'Nourhan', 'Action') 
INSERT INTO Members VALUES ('RS@hotmail.com', 'Rana', 'RGP') 
INSERT INTO Members VALUES ('NH@hotmail.com', 'Nadin', 'Sport') 
INSERT INTO Members VALUES ('MEI@hotmail.com', 'Maha', 'Action') 
INSERT INTO Members VALUES ('lil@hotmail.com', 'lil', 'Strategy') 
INSERT INTO Members VALUES ('Maha_Ehab@hotmail.com', 'Maha', 'RPG') 
INSERT INTO Members VALUES ('Nourhan_Ramdan@hotmail.com', 'Nourhan', 'Sport') 
INSERT INTO Members VALUES ('Rana_Saeed@hotmail.com', 'Rana', 'Strategy') 
INSERT INTO Members VALUES ('Nadin_Hossam@hotmail.com', 'Nadin', 'Action') 
INSERT INTO Members VALUES ('Ghossam@hotmail.com', 'Ghada', 'RPG') 
INSERT INTO Members VALUES ('Ghada_Hossam@hotmail.com', 'Fatma', 'Strategy') 
INSERT INTO Members VALUES ('Tia_Ibrahem@hotmail.com', 'Tia', 'Sport') 
INSERT INTO Members VALUES ('Abdelal_Hany@hotmail.com', 'Hany', 'Action') 
INSERT INTO Members VALUES ('Raya@hotmail.com', 'Raya', 'Sport') 
INSERT INTO Members VALUES ('Adam@hotmail.com', 'Adam', 'Strategy') 
INSERT INTO Members VALUES ('Ma_ha@hotmail.com', 'Ma', 'Action') 
INSERT INTO Members VALUES ('Nou_rhan@hotmail.com', 'Nou', 'Startegy') 
INSERT INTO Members VALUES ('Ra_na@hotmail.com', 'Ra', 'Sport') 
INSERT INTO Members VALUES ('Na_din@hotmail.com', 'Na', 'RPG') 
INSERT INTO Members VALUES ('Dina@hotmail.com', 'di', 'Sports') 
INSERT INTO Members VALUES ('Ahmed@hotmail.com', 'A', 'Startegy') 
INSERT INTO Members VALUES ('Tom@hotmail.com', 'T', 'RPG') 
INSERT INTO Members VALUES ('Kat@hotmail.com', 'K', 'Sports') 
INSERT INTO Members VALUES ('Rima@hotmail.com', 'Rima', 'Action') 
INSERT INTO Members VALUES ('Nada@hotmail.com', 'Nada', 'Action')
INSERT INTO Members VALUES ('ahmadkhaled@gmail.com', 'Nada', 'Action')
INSERT INTO Members VALUES ('Maha@gmail.com', 'Nada', 'Action')
INSERT INTO Members VALUES ('Nourhan@hotmail.com', 'Nada', 'Action')
INSERT INTO Members VALUES ('Rana@gmail.com', 'Nada', 'Action')


--Normal users Insertions 
INSERT INTO Normal_Users (email,first_name,last_name,date_of_birth) VALUES ('Rana@hotmail.com','Rana', 'Saeed','11/25/1995')
INSERT INTO Normal_Users (email,first_name,last_name,date_of_birth) VALUES ('Nadin@hotmail.com', 'Nadin', 'Hossam','12/3/1995')
INSERT INTO Normal_Users (email,first_name,last_name,date_of_birth) VALUES ('me@hotmail.com', 'Maha', 'Ehabel','1/1/1995')
INSERT INTO Normal_Users (email,first_name,last_name,date_of_birth) VALUES ('NR@hotmail.com', 'nourhan', 'Ramadanh','2/1/1994')
INSERT INTO Normal_Users (email,first_name,last_name,date_of_birth) VALUES ('RS@hotmail.com', 'Rana', 'S','3/1/1996')
INSERT INTO Normal_Users (email,first_name,last_name,date_of_birth) VALUES ('NH@hotmail.com', 'Nadin', 'El Saeed','4/1/1993')
INSERT INTO Normal_Users (email,first_name,last_name,date_of_birth) VALUES ('MEI@hotmail.com', 'Maha', 'El','5/1/1992')
INSERT INTO Normal_Users (email,first_name,last_name,date_of_birth) VALUES ('lil@hotmail.com', 'lily', 'James','6/1/1991')
INSERT INTO Normal_Users (email,first_name,last_name,date_of_birth) VALUES ('Nourhan@hotmail.com', 'lily', 'James','6/1/1991')
INSERT INTO Normal_Users (email,first_name,last_name,date_of_birth) VALUES ('Maha@gmail.com', 'lily', 'James','6/1/1991')
INSERT INTO Normal_Users (email,first_name,last_name,date_of_birth) VALUES ('Rana@gmail.com', 'lily', 'James','6/1/1991')

--Verified Reviewers Insertions

INSERT INTO Verified_Reviewers VALUES ('ahmadkhaled@gmail.com','Ahmad','Khaled',5,1)
INSERT INTO Verified_Reviewers VALUES ('Ma_ha@hotmail.com', 'Maha','Ihab',1,0)
INSERT INTO Verified_Reviewers VALUES ('Ra_na@hotmail.com', 'Rana','Saeed',5,1)
INSERT INTO Verified_Reviewers VALUES ('Na_din@hotmail.com', 'Nadin','El Saeed',3,0)
INSERT INTO Verified_Reviewers VALUES ('Dina@hotmail.com', 'Dina','Magdy',6,1)
INSERT INTO Verified_Reviewers VALUES ('Ahmed@hotmail.com', 'Ahmed','Magdy',8,1)
INSERT INTO Verified_Reviewers VALUES ('Tom@hotmail.com', 'Tom','Parker',10,1)
INSERT INTO Verified_Reviewers VALUES ('Kat@hotmail.com', 'Kat','Smith',4,1)
INSERT INTO Verified_Reviewers VALUES ('Rima@hotmail.com', 'Rima','	Fouad',11,1)
INSERT INTO Verified_Reviewers VALUES ('Nada@hotmail.com', 'Nada','Hamdy',7,1)

--Development Teams Insertions

INSERT INTO Development_Teams  VALUES ('Maha_Ehab@hotmail.com', 'The stoner', 'Intel','3/3/2003',1)
INSERT INTO Development_Teams  VALUES ('Nourhan_Ramdan@hotmail.com', 'The', 'Bye','2/1/2006',1)
INSERT INTO Development_Teams  VALUES ('Rana_Saeed@hotmail.com', 'The', 'Bye','2/1/2006',1)
INSERT INTO Development_Teams  VALUES ('Nadin_Hossam@hotmail.com', 'Bla', 'What','12/3/2005',1)
INSERT INTO Development_Teams  VALUES ('GHossam@hotmail.com', 'Bla', 'What','12/3/2005',1)
INSERT INTO Development_Teams  VALUES ('Ghada_Hossam@hotmail.com', 'The stoner', 'Hello','3/3/2003',1)
INSERT INTO Development_Teams  VALUES ('Tia_Ibrahem@hotmail.com', 'The stoner', 'Hello','10/3/2010',1)
INSERT INTO Development_Teams  VALUES ('Abdelal_Hany@hotmail.com', 'Mann', 'SoLong','10/3/2010',1)
INSERT INTO Development_Teams  VALUES ('Raya@hotmail.com', 'Mann', 'SoLong','10/3/2010',1)
INSERT INTO Development_Teams  VALUES ('Adam@hotmail.com', 'Mann', 'SoLong','10/3/2010',1)

--Conferences Insertions

INSERT INTO  Conferences(name,venue,date_start,date_end)   Values ('Gamers','d1','12/12/2014','1/1/2015')
INSERT INTO  Conferences(name,venue,date_start,date_end)   Values ('CairoCon','f1','3/12/2015','3/17/2015')
INSERT INTO  Conferences(name,venue,date_start,date_end)   Values ('GucCon','g1','6/6/2015','6/9/2015')
INSERT INTO  Conferences(name,venue,date_start,date_end)   Values ('Mad','k1','12/8/2014','12/20/2014')
INSERT INTO  Conferences(name,venue,date_start,date_end)   Values ('Done','z1','1/12/2013','1/11/2013')
INSERT INTO  Conferences(name,venue,date_start,date_end)   Values ('Shamers','w1','8/1/2014','8/8/2014')
INSERT INTO  Conferences(name,venue,date_start,date_end)   Values ('Makers','r4','7/12/2015','7/20/2015')
INSERT INTO  Conferences(name,venue,date_start,date_end)   Values ('Fakers','o1','4/12/2015','4/19/2015')
INSERT INTO  Conferences(name,venue,date_start,date_end)   Values ('Lakers','l1','5/20/2015','6/1/2015')
-----------------------------------------------------------------------------------------------------------------------------------------------------------
--Games Insertion
INSERT INTO   Games (name,release_date,age_limit,development_team_email,release_conference) Values ('Punch','9/10/2014',10,'Maha_Ehab@hotmail.com',9)
INSERT INTO   Games (name,release_date,age_limit,development_team_email,release_conference) Values ('Funk','12/20/2014',10,'Ghada_Hossam@hotmail.com',5)
INSERT INTO   Games (name,release_date,age_limit,development_team_email,release_conference) Values ('Rock','5/11/2015',9,'Rana_Saeed@hotmail.com',3)
INSERT INTO   Games (name,release_date,age_limit,development_team_email,release_conference) Values ('Punk','7/1/2015',11,'Maha_Ehab@hotmail.com',4)
INSERT INTO   Games (name,release_date,age_limit,development_team_email,release_conference) Values ('Munk','9/10/2014',10,'Nadin_Hossam@hotmail.com',7)
INSERT INTO   Games (name,release_date,age_limit,development_team_email,release_conference) Values ('Flunk','2/10/2013',10,'Nourhan_Ramdan@hotmail.com',6)
INSERT INTO   Games (name,release_date,age_limit,development_team_email,release_conference) Values ('pool','6/4/2015',10,'Adam@hotmail.com',9)
INSERT INTO   Games (name,release_date,age_limit,development_team_email,release_conference) Values ('Blood','5/19/2014',10,'Tia_Ibrahem@hotmail.com',1)
INSERT INTO   Games (name,release_date,age_limit,development_team_email,release_conference) Values ('Mud','1/12/2015',5,'Raya@hotmail.com',3)
INSERT INTO   Games (name,release_date,age_limit,development_team_email,release_conference) Values ('Live','1/12/2015',5,'GHossam@hotmail.com',4)
INSERT INTO   Games (name,release_date,age_limit,development_team_email,release_conference) Values ('Five','3/29/2015',5,'Tia_Ibrahem@hotmail.com',3)
INSERT INTO   Games (name,release_date,age_limit,development_team_email,release_conference) Values ('Sim','4/1/2015',5,'Abdelal_Hany@hotmail.com',3)
INSERT INTO   Games (name,release_date,age_limit,development_team_email,release_conference) Values ('Fine','5/12/2015',5,'Rana_Saeed@hotmail.com',3)
INSERT INTO   Games (name,release_date,age_limit,development_team_email,release_conference) Values ('Mine','8/22/2015',5,'Raya@hotmail.com',8)
INSERT INTO   Games (name,release_date,age_limit,development_team_email,release_conference) Values ('Line','8/22/2014',5,'Maha_Ehab@hotmail.com',1)
INSERT INTO   Games (name,release_date,age_limit,development_team_email,release_conference) Values ('Lime','8/22/2014',5,'Nourhan_Ramdan@hotmail.com',6)
INSERT INTO   Games (name,release_date,age_limit,development_team_email,release_conference) Values ('Dime','8/22/2015',5,'Nadin_Hossam@hotmail.com',8)
INSERT INTO   Games (name,release_date,age_limit,development_team_email,release_conference) Values ('Line','8/22/2014',5,'Maha_Ehab@hotmail.com',1)
INSERT INTO   Games (name,release_date,age_limit,development_team_email,release_conference) Values ('klime','8/23/2014',5,'Nadin_Hossam@hotmail.com',1)
INSERT INTO   Games (name,release_date,age_limit,development_team_email,release_conference) Values ('FLime','8/22/2015',5,'Ghada_Hossam@hotmail.com',8)
INSERT INTO   Games (name,release_date,age_limit,development_team_email,release_conference) Values ('Meme','8/22/2014',15,'Raya@hotmail.com',6)
INSERT INTO   Games (name,release_date,age_limit,development_team_email,release_conference) Values ('Mime','8/22/2014',5,'Maha_Ehab@hotmail.com',7)
INSERT INTO   Games (name,release_date,age_limit,development_team_email,release_conference) Values ('Nine','8/22/2014',10,'Nadin_Hossam@hotmail.com',6)
INSERT INTO   Games (name,release_date,age_limit,development_team_email,release_conference) Values ('Six','8/22/2015',5,'GHossam@hotmail.com',5)
INSERT INTO   Games (name,release_date,age_limit,development_team_email,release_conference) Values ('Eight','8/22/2014',5,'Tia_Ibrahem@hotmail.com',6)
INSERT INTO   Games (name,release_date,age_limit,development_team_email,release_conference) Values ('Dlime','1/22/2015',5,'GHossam@hotmail.com',2)
INSERT INTO   Games (name,release_date,age_limit,development_team_email,release_conference) Values ('Four','5/22/2015',15,'Rana_Saeed@hotmail.com',9)
INSERT INTO   Games (name,release_date,age_limit,development_team_email,release_conference) Values ('crime','6/22/2015',5,'Adam@hotmail.com',4)
INSERT INTO   Games (name,release_date,age_limit,development_team_email,release_conference) Values ('Dunk','6/22/2015',5,'Rana_Saeed@hotmail.com',8)

--RPG games insertion 

INSERT INTO RPG_Games Values (4,0,1) 
INSERT INTO RPG_Games Values (5,0,0)
INSERT INTO RPG_Games Values (6,1,1)
INSERT INTO RPG_Games Values (10,0,0)



--Action games insertion 

Insert Into Action_Games(game,sub_genre) VALUES (8,'Fighting')
Insert Into Action_Games(game,sub_genre) VALUES (9,'War Battle')


--Strategy

Insert Into Strategy_Games(game,real_time) VALUES (10, 0)
Insert Into Strategy_Games(game,real_time) VALUES (11, 1)
Insert Into Strategy_Games(game,real_time) VALUES (12, 1) 
Insert Into Strategy_Games(game,real_time) VALUES (13, 0) 



--Sports

Insert Into Sport_Games(game,s_type) VALUES (14,'FOOTBALL')  
Insert Into Sport_Games(game,s_type) VALUES (15,'HOCKY') 
Insert Into Sport_Games(game,s_type) VALUES (19,'BASKETBALL') 

--Screenshots Insertions


Insert Into Screenshots VALUES (1,'Ball shooting',1/1/2001)
Insert Into Screenshots VALUES (4,'killing sscne',2/2/2011)
Insert Into Screenshots VALUES (4,'big war scene',3/9/2009) 
Insert Into Screenshots VALUES (9,'oing pong',5/5/2009) 
Insert Into Screenshots VALUES (27,'james bond role play',5/12/1996)


--Videos Insertions

Insert Into Videos  VALUES (4,'passing',7/7/2007)
Insert Into Videos VALUES (5,'game with friend',5/6/2008)


--Game Reviews Insertions

Insert into Game_Reviews(game,verified_reviewer,date_of_game_review,content) values (4,'Ma_ha@hotmail.com','1/1/2015','this game is good ')
Insert into Game_Reviews(game,verified_reviewer,date_of_game_review,content) values (14,'Nada@hotmail.com','2/1/2015','5 stars')
Insert into Game_Reviews (game,verified_reviewer,date_of_game_review,content) values (16,'Rima@hotmail.com','3/1/2015','i enjoyed this game ')
Insert into Game_Reviews (game,verified_reviewer,date_of_game_review,content) values (18,'Tom@hotmail.com','4/1/2015','bye')
--Insert into Game_Reviews (game,verified_reviewer,date_of_game_review,content) values (66,'Na_din@hotmail.com','5/1/2015','so much fun')
--Insert into Game_Reviews (game,verified_reviewer,date_of_game_review,content) values (70,'Ra_na@hotmail.com','6/1/2015','a really bad game ')
--Insert into Game_Reviews (game,verified_reviewer,date_of_game_review,content) values (100,'Nou_rhan@hotmail.com','7/1/2015','gr8')
--Insert into Game_Reviews (game,verified_reviewer,date_of_game_review,content) values (90,'Dina@hotmail.com','8/1/2015','not good')
--Insert into Game_Reviews (game,verified_reviewer,date_of_game_review,content) values (92,'ahmadkhaled@gmail.com','9/1/2015','needs improvment ') 
--Insert into Game_Reviews (game,verified_reviewer,date_of_game_review,content) values (92,'ahmadkhaled@gmail.com','9/1/2015','needs improvment ') 
--Insert into Game_Reviews (game,verified_reviewer,date_of_game_review,content) values (92,'ahmadkhaled@gmail.com','9/1/2015','needs improvment ') 
--Insert into Game_Reviews (game,verified_reviewer,date_of_game_review,content) values (93,'ahmadkhaled@gmail.com','9/1/2015','needs improvment ') 
--Insert into Game_Reviews (game,verified_reviewer,date_of_game_review,content) values (96,'ahmadkhaled@gmail.com','9/1/2015','needs improvment ') 
--Insert into Game_Reviews (game,verified_reviewer,date_of_game_review,content) values (96,'ahmadkhaled@gmail.com','9/1/2015','needs improvment ') 
--Insert into Game_Reviews (game,verified_reviewer,date_of_game_review,content) values (96,'ahmadkhaled@gmail.com','9/1/2015','needs improvment ') 
--Insert into Game_Reviews (game,verified_reviewer,date_of_game_review,content) values (101,'ahmadkhaled@gmail.com','9/1/2015','needs improvment ') 
--Insert into Game_Reviews (game,verified_reviewer,date_of_game_review,content) values (100,'ahmadkhaled@gmail.com','9/1/2015','needs improvment ') 
--Insert into Game_Reviews (game,verified_reviewer,date_of_game_review,content) values (101,'ahmadkhaled@gmail.com','9/1/2015','needs improvment ') 
--Insert into Game_Reviews (game,verified_reviewer,date_of_game_review,content) values (74,'Kat@hotmail.com','10/1/2015','oky')

--Game_Review_Comments Insertions
insert into Game_Review_Comments values(4,'Maha_Ehab@hotmail.com','agree')
insert into Game_Review_Comments values(1,'markknader@yahpp.com','disagree')
insert into Game_Review_Comments values(4,'markknader@yahpp.com','disagree')
insert into Game_Review_Comments values(1,'Nada@hotmail.com','agree')
insert into Game_Review_Comments values(3,'Rima@hotmail.com','disagree')
insert into Game_Review_Comments values(2,'Rima@hotmail.com','disagree')
insert into Game_Review_Comments values(2,'Nou_rhan@hotmail.com','agree')
insert into Game_Review_Comments values(3,'Nou_rhan@hotmail.com','agree')
insert into Game_Review_Comments values(1,'markknader@yahpp.com','disagree')
insert into Game_Review_Comments values(2,'Raya@hotmail.com','agree') 


--Game Ratings Insertions 

Insert into Games_Rate_Members (game, member_email,graphics,level_design, interactivity ,uniqueness)  values (1,'Nadin@hotmail.com',1,5,3,4)
Insert into Games_Rate_Members (game, member_email,graphics,level_design, interactivity ,uniqueness)  values (2,'Rana@hotmail.com',2,3,4,5)
Insert into Games_Rate_Members (game, member_email,graphics,level_design, interactivity ,uniqueness)  values (1,'NR@hotmail.com',8,6,4,5)
Insert into Games_Rate_Members (game, member_email,graphics,level_design, interactivity ,uniqueness)  values (10,'Rana@hotmail.com',2,3,4,5)
Insert into Games_Rate_Members (game, member_email,graphics,level_design, interactivity ,uniqueness)  values (2,'Rima@hotmail.com',1,2,4,5)
Insert into Games_Rate_Members (game, member_email,graphics,level_design, interactivity ,uniqueness)  values (9,'Raya@hotmail.com',7,9,0,5)
Insert into Games_Rate_Members (game, member_email,graphics,level_design, interactivity ,uniqueness)  values (5,'Nada@hotmail.com',2,8,1,5)
Insert into Games_Rate_Members (game, member_email,graphics,level_design, interactivity ,uniqueness)  values (6,'Adam@hotmail.com',2,3,4,5)
Insert into Games_Rate_Members (game, member_email,graphics,level_design, interactivity ,uniqueness)  values (20,'me@hotmail.com',0,3,3,5)

--Conferences_inWhich_Development_Teams_present_Games insertions

insert into Conferences_Present_Development_Teams_Games values (3,6,'Rana_Saeed@hotmail.com')
insert into Conferences_Present_Development_Teams_Games values (4,6,'Maha_Ehab@hotmail.com')
insert into Conferences_Present_Development_Teams_Games values (6,5,'Raya@hotmail.com')
insert into Conferences_Present_Development_Teams_Games values (5,4,'GHossam@hotmail.com')
insert into Conferences_Present_Development_Teams_Games values (7,9,'Rana_Saeed@hotmail.com')
insert into Conferences_Present_Development_Teams_Games values (8,11,'Abdelal_Hany@hotmail.com')
insert into Conferences_Present_Development_Teams_Games values (9,19,'Raya@hotmail.com')
insert into Conferences_Present_Development_Teams_Games values (9,2,'Adam@hotmail.com')
insert into Conferences_Present_Development_Teams_Games values (8,10,'Maha_Ehab@hotmail.com')
insert into Conferences_Present_Development_Teams_Games values (7,15,'Nourhan_Ramdan@hotmail.com')

--Conference Reviews

--INSERT INTO  Conference_Reviews (conference_ID,email,content,date_of_conf_review) Values (1,'Maha@gmail.com','coolest thing ever','5/11/2015')
--INSERT INTO  Conference_Reviews (conference_ID,email,content,date_of_conf_review) Values (4,'Tia@hotmail.com','it was fun','6/10/2015')
INSERT INTO  Conference_Reviews (conference_ID,email,content,date_of_conf_review) Values (5,'Ghada_Hossam@hotmail.com','Mad','4/21/2014')
INSERT INTO  Conference_Reviews (conference_ID,email,content,date_of_conf_review) Values (6,'NH@hotmail.com','mad sick bro ','1/11/2013')
INSERT INTO  Conference_Reviews (conference_ID,email,content,date_of_conf_review) Values (7,'Rana@hotmail.com','coolest thing ever','8/10/2014')
INSERT INTO  Conference_Reviews (conference_ID,email,content,date_of_conf_review) Values (8,'Tom@hotmail.com','coolest thing ever','7/19/2015')
INSERT INTO  Conference_Reviews (conference_ID,email,content,date_of_conf_review) Values (9,'Rima@hotmail.com','coolest thing ever','4/20/2015')
--INSERT INTO  Conference_Reviews (conference_ID,email,content,date_of_conf_review) Values (10,'Adam@hotmail.com','coolest thing ever','6/2/2015')
INSERT INTO  Conference_Reviews (conference_ID,email,content,date_of_conf_review) Values (8,'Ma_ha@hotmail.com','coolest thing ever','7/20/2015')
INSERT INTO  Conference_Reviews (conference_ID,email,content,date_of_conf_review) Values (7,'Maha_Ehab@hotmail.com','coolest thing ever','8/20/2015')

--Conference Review Comments

--INSERT INTO  Conference_Review_Comments(conference_review_ID ,content,email) Values (1,'coolest thing ever','Rana@hotmail.com')
INSERT INTO  Conference_Review_Comments(conference_review_ID ,content,email) Values (3,'Amen','Nada@hotmail.com')
INSERT INTO  Conference_Review_Comments(conference_review_ID ,content,email) Values (5,'Amen','Nadin_Hossam@hotmail.com')
INSERT INTO  Conference_Review_Comments(conference_review_ID ,content,email) Values (6,';D','Ma_ha@hotmail.com')
INSERT INTO  Conference_Review_Comments(conference_review_ID ,content,email) Values (7,'coolest thing ever','Adam@hotmail.com')
--INSERT INTO  Conference_Review_Comments(conference_review_ID ,content,email) Values (9,'coolest thing ever','Ma_ha@hotmail.com')
--INSERT INTO  Conference_Review_Comments(conference_review_ID ,content,email) Values (10,'coolest thing ever','Rana@hotmail.com')

--conference attended by insertions

--INSERT INTO  Conferences_Attend_Members Values ('Maha@gmail.com',3)
INSERT INTO  Conferences_Attend_Members Values ('Rana@hotmail.com',1)
INSERT INTO  Conferences_Attend_Members Values ('Rana_Saeed@hotmail.com',1)
INSERT INTO  Conferences_Attend_Members Values ('Tia_Ibrahem@hotmail.com',1)
INSERT INTO  Conferences_Attend_Members Values ('Nadin_Hossam@hotmail.com',1)
INSERT INTO  Conferences_Attend_Members Values ('Raya@hotmail.com',2)
INSERT INTO  Conferences_Attend_Members Values ('GHossam@hotmail.com',2)
INSERT INTO  Conferences_Attend_Members Values ('Ghada_Hossam@hotmail.com',2)
INSERT INTO  Conferences_Attend_Members Values ('Rana_Saeed@hotmail.com',2)
INSERT INTO  Conferences_Attend_Members Values ('Rana_Saeed@hotmail.com',3)
INSERT INTO  Conferences_Attend_Members Values ('Abdelal_Hany@hotmail.com',3)
INSERT INTO  Conferences_Attend_Members Values ('Tia_Ibrahem@hotmail.com',3)
INSERT INTO  Conferences_Attend_Members Values ('GHossam@hotmail.com',3)
INSERT INTO  Conferences_Attend_Members Values ('Nadin@hotmail.com',4)
INSERT INTO  Conferences_Attend_Members Values ('Maha_Ehab@hotmail.com',4)
--INSERT INTO  Conferences_Attend_Members Values ('Tia@hotmail.com',4)
INSERT INTO  Conferences_Attend_Members Values ('Adam@hotmail.com',4)
INSERT INTO  Conferences_Attend_Members Values ('Nourhan_Ramdan@hotmail.com',4)
INSERT INTO  Conferences_Attend_Members Values ('Nadin_Hossam@hotmail.com',4)
INSERT INTO  Conferences_Attend_Members Values ('Nada@hotmail.com',5)
INSERT INTO  Conferences_Attend_Members Values ('Nourhan_Ramdan@hotmail.com',5)
INSERT INTO  Conferences_Attend_Members Values ('Raya@hotmail.com',5)
INSERT INTO  Conferences_Attend_Members Values ('Ghada_Hossam@hotmail.com',5)
--INSERT INTO  Conferences_Attend_Members Values ('GHossamm@hotmail.com',5)
INSERT INTO  Conferences_Attend_Members Values ('Rana@hotmail.com',6)
INSERT INTO  Conferences_Attend_Members Values ('NH@hotmail.com',6)
INSERT INTO  Conferences_Attend_Members Values ('Raya@hotmail.com',6)
INSERT INTO  Conferences_Attend_Members Values ('Tia_Ibrahem@hotmail.com',6)
INSERT INTO  Conferences_Attend_Members Values ('Nadin_Hossam@hotmail.com',6)
INSERT INTO  Conferences_Attend_Members Values ('Nourhan_Ramdan@hotmail.com',6)
INSERT INTO  Conferences_Attend_Members Values ('Maha_Ehab@hotmail.com',7)
INSERT INTO  Conferences_Attend_Members Values ('Nadin_Hossam@hotmail.com',7)
INSERT INTO  Conferences_Attend_Members Values ('Rana@hotmail.com',7)
INSERT INTO  Conferences_Attend_Members Values ('Raya@hotmail.com',7)
INSERT INTO  Conferences_Attend_Members Values ('Rana_Saeed@hotmail.com',7)
INSERT INTO  Conferences_Attend_Members Values ('Tom@hotmail.com',8)
INSERT INTO  Conferences_Attend_Members Values ('Nadin_Hossam@hotmail.com',8)
INSERT INTO  Conferences_Attend_Members Values ('Ma_ha@hotmail.com',8)
INSERT INTO  Conferences_Attend_Members Values ('Raya@hotmail.com',8)
INSERT INTO  Conferences_Attend_Members Values ('Rana_Saeed@hotmail.com',8)
INSERT INTO  Conferences_Attend_Members Values ('Maha_Ehab@hotmail.com',8)
INSERT INTO  Conferences_Attend_Members Values ('Adam@hotmail.com',9)
INSERT INTO  Conferences_Attend_Members Values ('Ghada_Hossam@hotmail.com',9)
INSERT INTO  Conferences_Attend_Members Values ('Rima@hotmail.com',9)
INSERT INTO  Conferences_Attend_Members Values ('Rana_Saeed@hotmail.com',9)
INSERT INTO  Conferences_Attend_Members Values ('Ghossam@hotmail.com',9)
--INSERT INTO  Conferences_Attend_Members Values ('Nadin@hotmail.com',10)
--INSERT INTO  Conferences_Attend_Members Values ('Nourhan_Ramdan@hotmail.com',10)
--INSERT INTO  Conferences_Attend_Members Values ('Adam@hotmail.com',10)
--INSERT INTO  Conferences_Attend_Members Values ('Maha_Ehab@hotmail.com',10)
--INSERT INTO  Conferences_Attend_Members Values ('Nadin_Hossam@hotmail.com',10)

--Communities Insertions

INSERT INTO Communities (name,describe)VALUES ( 'Sporty', 'This one is for the Sports Games')
INSERT INTO Communities (name,describe)VALUES ( 'Actoin', 'This one is for the Action Games')
INSERT INTO Communities (name,describe)VALUES ( 'RPG', 'This one is for the RPG Games')
INSERT INTO Communities (name,describe)VALUES ( 'Strategy', 'This one is for the Strategy Games')
INSERT INTO Communities (name,describe)VALUES ( 'Actoin_And_Strategy', 'This one is for the Action and Strategy Gamers')
INSERT INTO Communities (name,describe)VALUES ( 'Actoin_And_Sports', 'This one is for the Action and Sports Gamers')
INSERT INTO Communities (name,describe)VALUES ( 'Actoin_And_Strategy', 'This one is for the Action and Strategy Gamers')
INSERT INTO Communities (name,describe)VALUES ( 'RPG_And_Strategy', 'This one is for the RPG and Strategy Gamers')
INSERT INTO Communities (name,describe)VALUES ( 'Sport_And_Strategy', 'This one is for the Sports and Strategy Gamers')
INSERT INTO Communities (name,describe)VALUES ( 'Sports_And_RPG', 'This one is for the Sports and RPG Gamers')


--Community_createdBy_NormalUsers

--INSERT INTO Communities_Create_Normal_Users VALUES (1,'Maha@gmail.com',1)
INSERT INTO Communities_Create_Normal_Users Values (2,'Rana@hotmail.com',1)
INSERT INTO Communities_Create_Normal_Users Values (3,'Nadin@hotmail.com',1)
--INSERT INTO Communities_Create_Normal_Users Values (4,'Nourhan@hotmail.com',1)
INSERT INTO Communities_Create_Normal_Users Values (5,'NR@hotmail.com',1)
INSERT INTO Communities_Create_Normal_Users Values (6,'NH@hotmail.com',1)
INSERT INTO Communities_Create_Normal_Users Values (7,'lil@hotmail.com',1)
INSERT INTO Communities_Create_Normal_Users Values (8,'RS@hotmail.com',1)
INSERT INTO Communities_Create_Normal_Users Values (9,'NH@hotmail.com',1)
INSERT INTO Communities_Create_Normal_Users Values (10,'Rs@hotmail.com',1)

-- Communities_joinedBy_Members 

INSERT INTO Communities_Join_Members Values (1,'Rs@hotmail.com')
INSERT INTO Communities_Join_Members Values (1,'NH@hotmail.com')
INSERT INTO Communities_Join_Members Values (1,'NR@hotmail.com')
INSERT INTO Communities_Join_Members Values (2,'Rs@hotmail.com')
INSERT INTO Communities_Join_Members Values (2,'Nadin@hotmail.com')
INSERT INTO Communities_Join_Members Values (2,'me@hotmail.com')
INSERT INTO Communities_Join_Members Values (3,'Rs@hotmail.com')
INSERT INTO Communities_Join_Members Values (3,'Nada@hotmail.com')
INSERT INTO Communities_Join_Members Values (3,'MEI@hotmail.com')
INSERT INTO Communities_Join_Members Values (4,'NH@hotmail.com')
INSERT INTO Communities_Join_Members Values (4,'MEI@hotmail.com')
INSERT INTO Communities_Join_Members Values (4,'Rima@hotmail.com')
INSERT INTO Communities_Join_Members Values (5,'NH@hotmail.com')
INSERT INTO Communities_Join_Members Values (5,'MEI@hotmail.com')
--INSERT INTO Communities_Join_Members Values (5,'Tia@hotmail.com')
INSERT INTO Communities_Join_Members Values (6,'Raya@hotmail.com')
INSERT INTO Communities_Join_Members Values (6,'NH@hotmail.com')
INSERT INTO Communities_Join_Members Values (6,'Tom@hotmail.com')
INSERT INTO Communities_Join_Members Values (7,'NH@hotmail.com')
INSERT INTO Communities_Join_Members Values (7,'Kat@hotmail.com')
INSERT INTO Communities_Join_Members Values (7,'Ahmed@hotmail.com')
INSERT INTO Communities_Join_Members Values (8,'Ghada_Hossam@hotmail.com')
INSERT INTO Communities_Join_Members Values (8,'Abdelal_Hany@hotmail.com')
INSERT INTO Communities_Join_Members Values (8,'NH@hotmail.com')
INSERT INTO Communities_Join_Members Values (9,'Nadin@hotmail.com')
INSERT INTO Communities_Join_Members Values (9,'Tom@hotmail.com')
INSERT INTO Communities_Join_Members Values (9,'NR@hotmail.com')
--INSERT INTO Communities_Join_Members Values (10,'Maha@hotmail.com')
INSERT INTO Communities_Join_Members Values (10,'NH@hotmail.com')
INSERT INTO Communities_Join_Members Values (10,'Kat@hotmail.com')

-- Topic Insertions

INSERT INTO Topics (theme,title,describe,member_ID)Values (1,'lets have fun','how is ready for some fun','Rs@hotmail.com')
INSERT INTO Topics (theme,title,describe,member_ID)Values (2,'Saved','Saved by the bell','me@hotmail.com')
INSERT INTO Topics (theme,title,describe,member_ID)Values (3,'full','full of yourself ','Nada@hotmail.com')
INSERT INTO Topics (theme,title,describe,member_ID)Values (4,'yo','Yo Mad Bro','Rima@hotmail.com')
INSERT INTO Topics (theme,title,describe,member_ID)Values (5,'On','On Top of the moon','NH@hotmail.com')
INSERT INTO Topics (theme,title,describe,member_ID)Values (6,'Down','Down The Drain','Raya@hotmail.com')
INSERT INTO Topics (theme,title,describe,member_ID)Values (7,'Cant','Cant Do This Anymore','Kat@hotmail.com')
INSERT INTO Topics (theme,title,describe,member_ID)Values (8,'Blue','I Am Feeling Blue','Ghada_Hossam@hotmail.com')
INSERT INTO Topics (theme,title,describe,member_ID)Values (9,'Hello','I its me ','NR@hotmail.com')

-- Topic Comments

INSERT INTO Topic_Comments(topic_ID,content,date_of_comment,member_ID)Values (1,'Cant','1/1/2015','NH@hotmail.com')
INSERT INTO Topic_Comments(topic_ID,content,date_of_comment,member_ID)Values (2,'nooo','1/1/2015','NR@hotmail.com')
INSERT INTO Topic_Comments(topic_ID,content,date_of_comment,member_ID)Values (3,'What!!!','1/1/2015','MEI@hotmail.com')
INSERT INTO Topic_Comments(topic_ID,content,date_of_comment,member_ID)Values (4,'Yes','1/1/2015','Rs@hotmail.com')
INSERT INTO Topic_Comments(topic_ID,content,date_of_comment,member_ID)Values (6,'What happend','1/2/2015','NH@hotmail.com')
INSERT INTO Topic_Comments(topic_ID,content,date_of_comment,member_ID)Values (7,'Why','1/3/2015','Ahmed@hotmail.com')
INSERT INTO Topic_Comments(topic_ID,content,date_of_comment,member_ID)Values (8,'what','1/1/2015','NH@hotmail.com')
INSERT INTO Topic_Comments(topic_ID,content,date_of_comment,member_ID)Values (9,'Hi','1/9/2015','Tom@hotmail.com')


--Insertions Normal_Users_adds_Friends_Normal_Users 

INSERT INTO Normal_Users_add_friends_Normal_Users VALUES ('Rana@hotmail.com', 'Nadin@hotmail.com', 1)
INSERT INTO Normal_Users_add_friends_Normal_Users VALUES ('MEI@hotmail.com', 'Rana@hotmail.com', 1)
INSERT INTO Normal_Users_add_friends_Normal_Users VALUES ('NR@hotmail.com', 'Nadin@hotmail.com', 1)
INSERT INTO Normal_Users_add_friends_Normal_Users VALUES ('Nadin@hotmail.com', 'RS@hotmail.com', 1)
INSERT INTO Normal_Users_add_friends_Normal_Users VALUES ('NR@hotmail.com', 'Rana@hotmail.com', 1)
INSERT INTO Normal_Users_add_friends_Normal_Users VALUES ('MEI@hotmail.com', 'Nadin@hotmail.com', 1)



--Insertions Normal_Users sendMessages_to_Normal_Users

INSERT INTO Normal_Users_Messages_Normal_Users (sender, receiver,date_of_msg,content)VALUES ('Maha@gmail.com', 'Nadin@hotmail.com','11/20/2015','HIII')
INSERT INTO Normal_Users_Messages_Normal_Users (sender, receiver,date_of_msg,content)VALUES ('Nadin@hotmail.com', 'Maha@gmail.com','11/20/2015','HIII')
INSERT INTO Normal_Users_Messages_Normal_Users (sender, receiver,date_of_msg,content)VALUES ('Nadin@hotmail.com', 'Rana@hotmail.com','11/20/2015','HIII')
INSERT INTO Normal_Users_Messages_Normal_Users (sender, receiver,date_of_msg,content)VALUES ('Nadin@hotmail.com', 'Nourhan@hotmail.com','11/20/2015','HIII')
INSERT INTO Normal_Users_Messages_Normal_Users (sender, receiver,date_of_msg,content)VALUES ('Maha@gmail.com', 'Rana@hotmail.com','11/20/2015','HIII')
INSERT INTO Normal_Users_Messages_Normal_Users (sender, receiver,date_of_msg,content)VALUES ('Rana@hotmail.com', 'Maha@gmail.com','11/20/2015','HIII')
INSERT INTO Normal_Users_Messages_Normal_Users (sender, receiver,date_of_msg,content)VALUES ('Rana@gmail.com', 'Nadin@hotmail.com','11/20/2015','HIII')
INSERT INTO Normal_Users_Messages_Normal_Users (sender, receiver,date_of_msg,content)VALUES ('Rana@hotmail.com', 'Nourhan@hotmail.com','11/20/2015','HIII')
INSERT INTO Normal_Users_Messages_Normal_Users (sender, receiver,date_of_msg,content)VALUES ('Nourhan@hotmail.com', 'Rana@hotmail.com','11/20/2015','HIII')
INSERT INTO Normal_Users_Messages_Normal_Users (sender, receiver,date_of_msg,content)VALUES ('Nourhan@hotmail.com', 'Nadin@hotmail.com','11/20/2015','HIII')

--Insertions Normal_Users_recommendsGameTo_Normal_Users  

Insert into Games_Recommended_Normal_Users_Normal_Users values ('Nadin@hotmail.com','Rana@hotmail.com',1)
Insert into Games_Recommended_Normal_Users_Normal_Users values ('Nourhan@hotmail.com','Rana@hotmail.com',6)
Insert into Games_Recommended_Normal_Users_Normal_Users values ('Maha@gmail.com','Rana@hotmail.com',10)
Insert into Games_Recommended_Normal_Users_Normal_Users values ('Nadin@hotmail.com','Nourhan@hotmail.com',11)
Insert into Games_Recommended_Normal_Users_Normal_Users values ('Nadin@hotmail.com','Maha@gmail.com',4)
Insert into Games_Recommended_Normal_Users_Normal_Users values ('MEI@hotmail.com','NR@hotmail.com',25)
Insert into Games_Recommended_Normal_Users_Normal_Users values ('MEI@hotmail.com','Nadin@hotmail.com',15)
Insert into Games_Recommended_Normal_Users_Normal_Users values ('Nourhan@hotmail.com','Maha@gmail.com',16)
Insert into Games_Recommended_Normal_Users_Normal_Users values ('NR@hotmail.com','Nadin@hotmail.com',17)
Insert into Games_Recommended_Normal_Users_Normal_Users values ('Nadin@hotmail.com','Rana@hotmail.com',6) 
Insert into Games_Recommended_Normal_Users_Normal_Users values ('Nadin@hotmail.com','Rana@hotmail.com',10)
Insert into Games_Recommended_Normal_Users_Normal_Users values ('Nourhan@hotmail.com','Rana@hotmail.com',10)
Insert into Games_Recommended_Normal_Users_Normal_Users values ('Maha@gmail.com','Rana@hotmail.com',1)



